name,username,
Campaña por el Derecho al Aborto Legal en Colombia,@Aborto_LegalCol,
Casa de la Mujer,@casa_la,
Católicas por el Derecho a Decidir Colombia,@CDD_Colombia,
Colombia Diversa,@ColombiaDiversa,
Comisión de la Verdad ,@ComisionVerdadC,
Comisión Legal para la Equidad de la Mujer,@ComisionMujerCo,
Comisión Nacional de Mujeres Indígenas -Colombia,@CNMIColombia,
Compromiso Diverso -  Secretaría de Integración Bogotá,@SubLGBTI,
Consejera Presidencial para la Equidad de la Mujer,@equidad_mujer,
Corporación Ensayos,@CEnsayos,
Corporación Humanas,@HumanasColombia,
Corte Constitucional,@CConstitucional,Obvio habla de mil temas. Sí o no?
Cumbre mujeres y paz,@Cumbremujeres,
Estamos Listas,@Estamos_Listas,
​Federación Nacimos Listas,@NacimosListas,
Fondo Lunaria Mujer,@LunariaFondo,
Las Igualadas,@LasIgualadas,
Las Parceras,@LasParcerasCol,
Librería de Mujeres,@ElTelarLibreria,
Liga de las Mujeres,@LigaMujeres,
Limpal Colombia,@LIMPALCOLOMBIA,
Mesa LGBT Bogotá,@MesaLGBT,
​Mesa Nacional de Mujeres Negras/Afrocolombianas/Raizales y Palenqueras,@MesaMujeresAfro,
Mesa Nacional de seguimiento a la Ley 1257,@Mesa1257,
Mesa por la vida,@mesaporlavida,
Mujeres de FARC,@MujerFariana,
ONU Mujeres Colombia,@ONUMujeresCol,
Red Nacional de las Mujeres,@RNMColombia,
Ruta Pacífica de las Mujeres,@RutaPacificaM,
Se Puede Ser,@SePuedeSer,
Secretaria de la Mujer (Bogota),@secredistmujer,
Secretaria de la Mujer del Partido Conservador ,@MujeresPC,
Sentiido,@Sentiido,
Siete Polas,@sietepolas,
Sisma Mujer,@SismaMujer,
Soy Mujer Paz,@SoyMujerPaz,
Viejas Verdes,@viejas_verdes,
Women's Link,@womenslink,
RecSisters,@RecSisters,
Ni con el Pétalo de Una Rosa,@niconelpetaloof,